X;Y;cleabs;nature;nom_collaboratif_gauche;nom_collaboratif_droite;importance;fictif;position_par_rapport_au_sol;etat_de_l_objet;date_creation;date_modification;date_d_apparition;date_de_confirmation;sources;identifiants_sources;methode_d_acquisition_planimetrique;precision_planimetrique;methode_d_acquisition_altimetrique;precision_altimetrique;nombre_de_voies;largeur_de_chaussee;itineraire_vert;prive;sens_de_circulation;reserve_aux_bus;urbain;vitesse_moyenne_vl;acces_vehicule_leger;acces_pieton;periode_de_fermeture;nature_de_la_restriction;restriction_de_hauteur;restriction_de_poids_total;restriction_de_poids_par_essieu;restriction_de_largeur;restriction_de_longueur;matieres_dangereuses_interdites;borne_debut_gauche;borne_debut_droite;borne_fin_gauche;borne_fin_droite;insee_commune_gauche;insee_commune_droite;alias_gauche;alias_droit;date_de_mise_en_service;identifiant_voie_1_gauche;identifiant_voie_1_droie;liens_vers_route_nommee;liens_vers_itineraire_autre;cpx_numero;cpx_numero_route_europeenne;cpx_classement_administratif;cpx_gestionnaire;cpx_toponyme_route_nommee;cpx_toponyme_itineraire_cyclable;cpx_toponyme_voie_verte;cpx_nature_itineraire_autre;cpx_toponyme_itineraire_autre;delestage;source_voie_ban_gauche;source_voie_ban_droite;nom_voie_ban_gauche;nom_voie_ban_droite;lieux_dits_ban_gauche;lieux_dits_ban_droite;identifiant_voie_ban_gauche;identifiant_voie_ban_droite;sens_amenagement_cyclable_gauche;sens_amenagement_cyclable_droit;amenagement_cyclable_gauche;amenagement_cyclable_droit;aire_de_retournement_dfci;gabarit_dfci;impasse_dfci;nature_detaillee_dfci;ouvrage_d_art_limitant_dfci;pente_maximale_dfci;piste_dfci;piste_dfci_debroussaillee;piste_dfci_fosses;sens_de_circulation_dfci;tout_terrain_dfci;vitesse_moyenne_dfci;zone_de_croisement_dfci
2.16843578187926;48.6865995851061;way/119894541;Chemin;;;"6";Faux;"0";En service;;2016-05-16T15:50:21Z;;2016-05-16;;;;;;;Sans objet;;Faux;Faux;Sans objet;;;;Libre;Libre;;Aménagement mixte hors voie verte;;;;;;Faux;;;;;;;;;;;;;;;;;;;;;;;;;;;;;;;;;;;;;;;;;;;;;;;;
2.16859832808537;48.6864173910451;way/119894531;Chemin;;;"6";Faux;"0";En service;;2016-04-24T10:20:55Z;;2016-04-24;;;;;;;Sans objet;;Faux;Faux;Sans objet;;;;Libre;Libre;;Aménagement mixte hors voie verte;;;;;;Faux;;;;;;;;;;;;;;;;;;;;;;;;;;;;;;;;;;;;;;;;;;;;;;;;
2.16860224538599;48.6838399841695;way/347935857;Chemin;;;"6";Faux;"1";En service;;2017-10-23T14:56:18Z;;2017-10-23;;;;;;;Sans objet;;Faux;Faux;Sans objet;;;;Libre;Libre;;Aménagement mixte hors voie verte;;;;;;Faux;;;;;;;;;;;;;;;;;;;;;;;;;;;;;;;;;;;;;;;;;;;;;;;;
2.16855027367211;48.6848180486665;way/568745133;Sentier;;;"6";Faux;"0";En service;;2025-01-31T21:13:08Z;;2025-01-31;;;;;;;Sans objet;;Faux;Faux;Sans objet;;;;Physiquement impossible;Libre;;;;;;;;Faux;;;;;;;;;;;;;;;;;;;;;;;;;;;;;;;;;;;;;;;;;;;;;;;;
2.16848684961718;48.6846690317125;way/568745132;Sentier;;;"6";Faux;"0";En service;;2025-01-31T21:13:08Z;;2025-01-31;;;;;;;Sans objet;;Faux;Faux;Sans objet;;;;Physiquement impossible;Libre;;;;;;;;Faux;;;;;;;;;;;;;;;;;;;;;;;;;;;;;;;;;;;;;;;;;;;;;;;;
2.1685286;48.6856125497704;way/120925735;Chemin;;;"6";Faux;"0";En service;;2013-09-02T00:30:07Z;;2013-09-02;;;;;;;Sans objet;;Faux;Faux;Sans objet;;;;Libre;Libre;;Aménagement mixte hors voie verte;;;;;;Faux;;;;;;;;;;;;;;;;;;;;;;;;;;;;;;;;;;;;;;;;;;;;;;;;
2.1684781;48.6862075997704;way/119894557;Chemin;;;"6";Faux;"0";En service;;2016-04-24T10:20:55Z;;2016-04-24;;;;;;;Sans objet;;Faux;Faux;Sans objet;;;;Libre;Libre;;Aménagement mixte hors voie verte;;;;;;Faux;;;;;;;;;;;;;;;;;;;;;;;;;;;;;;;;;;;;;;;;;;;;;;;;
2.16844492810115;48.6853335439592;way/25397902;Chemin;;;"6";Faux;"0";En service;;2022-02-21T16:44:54Z;;2022-02-21;;;;;;;Sans objet;;Faux;Faux;Sans objet;;;;Libre;Libre;;Aménagement mixte hors voie verte;;;;;;Faux;;;;;;;;;;;;;;;;;;;;;;;;;;;;;;;;;;;;;;;;;;;;;;;;
2.16842267736541;48.6851218012941;way/568745140;Sentier;;;"6";Faux;"0";En service;;2025-01-31T21:13:08Z;;2025-01-31;;;;;;;Sans objet;;Faux;Faux;Sans objet;;;;Physiquement impossible;Libre;;;;;;;;Faux;;;;;;;;;;;;;;;;;;;;;;;;;;;;;;;;;;;;;;;;;;;;;;;;
2.16833114898724;48.6860569409466;way/90850463;Chemin;;;"6";Faux;"0";En service;;2016-04-24T10:20:56Z;;2016-04-24;;;;;;;Sans objet;;Faux;Faux;Sans objet;;;;Libre;Libre;;Aménagement mixte hors voie verte;;;;;;Faux;;;;;;;;;;;;;;;;;;;;;;;;;;;;;;;;;;;;;;;;;;;;;;;;
2.16842483165344;48.6833114668432;way/1225790254;Route à 1 chaussée;Allée de l'Orléanais;Allée de l'Orléanais;"5";Faux;"0";En service;;2023-11-22T00:11:55Z;;2023-11-22;;;;;;;"0";;Faux;Faux;Double sens;;;;Libre;Libre;;;;;;;;Faux;;;;;;;;;;;;;;;;;;;;;;;;;;;;;;;;;;;;;;;;;;;;;;;;
2.16852095088655;48.6828818123491;way/455494472;Sentier;Allée du Gâtinais;Allée du Gâtinais;"6";Faux;"0";En service;;2019-10-15T18:18:26Z;;2019-10-15;;;;;;;Sans objet;;Faux;Faux;Sans objet;;;;Physiquement impossible;Libre;;;;;;;;Faux;;;;;;;;;;;;;;;;;;;;;;;;;;;;;;;;;;;;;;;;;;;;;;;;
2.16826899645162;48.6858054119756;way/90850442;Chemin;;;"6";Faux;"0";En service;;2016-04-24T10:20:55Z;;2016-04-24;;;;;;;Sans objet;;Faux;Faux;Sans objet;;;;Libre;Libre;;Aménagement mixte hors voie verte;;;;;;Faux;;;;;;;;;;;;;;;;;;;;;;;;;;;;;;;;;;;;;;;;;;;;;;;;
2.1682323;48.6861565498578;way/90850445;Chemin;;;"6";Faux;"0";En service;;2013-09-02T00:30:12Z;;2013-09-02;;;;;;;Sans objet;;Faux;Faux;Sans objet;;;;Libre;Libre;;Aménagement mixte hors voie verte;;;;;;Faux;;;;;;;;;;;;;;;;;;;;;;;;;;;;;;;;;;;;;;;;;;;;;;;;
2.1682021;48.685358949771;way/90850446;Chemin;;;"6";Faux;"0";En service;;2017-10-23T14:56:12Z;;2017-10-23;;;;;;;Sans objet;;Faux;Faux;Sans objet;;;;Libre;Libre;;Aménagement mixte hors voie verte;;;;;;Faux;;;;;;;;;;;;;;;;;;;;;;;;;;;;;;;;;;;;;;;;;;;;;;;;
2.16818975622392;48.685764415025;way/90850436;Chemin;;;"6";Faux;"0";En service;;2013-09-02T00:30:41Z;;2013-09-02;;;;;;;Sans objet;;Faux;Faux;Sans objet;;;;Libre;Libre;;Aménagement mixte hors voie verte;;;;;;Faux;;;;;;;;;;;;;;;;;;;;;;;;;;;;;;;;;;;;;;;;;;;;;;;;
2.16812945270807;48.6849810987177;way/90850456;Chemin;;;"6";Faux;"0";En service;;2017-10-23T14:56:12Z;;2017-10-23;;;;;;;Sans objet;;Faux;Faux;Sans objet;;;;Libre;Libre;;Aménagement mixte hors voie verte;;;;;;Faux;;;;;;;;;;;;;;;;;;;;;;;;;;;;;;;;;;;;;;;;;;;;;;;;
2.16817178789295;48.6840107645067;way/90850453;Chemin;;;"6";Faux;"0";En service;;2017-10-23T14:56:12Z;;2017-10-23;;;;;;;Sans objet;;Faux;Faux;Sans objet;;;;Libre;Libre;;Aménagement mixte hors voie verte;;;;;;Faux;;;;;;;;;;;;;;;;;;;;;;;;;;;;;;;;;;;;;;;;;;;;;;;;
2.16807161962743;48.6836626471901;way/219444551;Chemin;;;"6";Faux;"0";En service;;2019-08-21T19:25:49Z;;2019-08-21;;;;;;;Sans objet;;Faux;Faux;Sans objet;;;;Libre;Libre;;Aménagement mixte hors voie verte;;;;;;Faux;;;;;;;;;;;;;;;;;;;;;;;;;;;;;;;;;;;;;;;;;;;;;;;;
2.16804531900332;48.6835337659674;way/89444367;Chemin;;;"6";Faux;"0";En service;;2018-09-29T22:44:22Z;;2018-09-29;;;;;;;Sans objet;;Faux;Faux;Sans objet;;;;Libre;Libre;;Aménagement mixte hors voie verte;;;;;;Faux;;;;;;;;;;;;;;;;;;;;;;;;;;;;;;;;;;;;;;;;;;;;;;;;
2.16810025;48.6851048497706;way/90850441;Chemin;;;"6";Faux;"0";En service;;2017-10-23T14:56:11Z;;2017-10-23;;;;;;;Sans objet;;Faux;Faux;Sans objet;;;;Libre;Libre;;Aménagement mixte hors voie verte;;;;;;Faux;;;;;;;;;;;;;;;;;;;;;;;;;;;;;;;;;;;;;;;;;;;;;;;;
2.16799742907253;48.6864045882826;way/90850439;Chemin;;;"6";Faux;"0";En service;;2013-09-02T00:32:03Z;;2013-09-02;;;;;;;Sans objet;;Faux;Faux;Sans objet;;;;Libre;Libre;;Aménagement mixte hors voie verte;;;;;;Faux;;;;;;;;;;;;;;;;;;;;;;;;;;;;;;;;;;;;;;;;;;;;;;;;
2.16800094461988;48.6857044878945;way/90850455;Chemin;;;"6";Faux;"0";En service;;2013-09-02T00:32:07Z;;2013-09-02;;;;;;;Sans objet;;Faux;Faux;Sans objet;;;;Libre;Libre;;Aménagement mixte hors voie verte;;;;;;Faux;;;;;;;;;;;;;;;;;;;;;;;;;;;;;;;;;;;;;;;;;;;;;;;;
2.16789490751365;48.6862673215224;way/90850438;Chemin;;;"6";Faux;"0";En service;;2016-04-24T10:20:54Z;;2016-04-24;;;;;;;Sans objet;;Faux;Faux;Sans objet;;;;Libre;Libre;;Aménagement mixte hors voie verte;;;;;;Faux;;;;;;;;;;;;;;;;;;;;;;;;;;;;;;;;;;;;;;;;;;;;;;;;
2.1678875803055;48.6859611303648;way/90850462;Chemin;;;"6";Faux;"0";En service;;2017-11-05T10:13:59Z;;2017-11-05;;;;;;;Sans objet;;Faux;Faux;Sans objet;;;;Libre;Libre;;Aménagement mixte hors voie verte;;;;;;Faux;;;;;;;;;;;;;;;;;;;;;;;;;;;;;;;;;;;;;;;;;;;;;;;;
2.16791455;48.6853790997828;way/90850469;Chemin;;;"6";Faux;"0";En service;;2017-10-23T14:56:13Z;;2017-10-23;;;;;;;Sans objet;;Faux;Faux;Sans objet;;;;Libre;Libre;;Aménagement mixte hors voie verte;;;;;;Faux;;;;;;;;;;;;;;;;;;;;;;;;;;;;;;;;;;;;;;;;;;;;;;;;
2.16793848810634;48.6854137370526;way/90850461;Chemin;;;"6";Faux;"0";En service;;2013-09-02T00:30:31Z;;2013-09-02;;;;;;;Sans objet;;Faux;Faux;Sans objet;;;;Libre;Libre;;Aménagement mixte hors voie verte;;;;;;Faux;;;;;;;;;;;;;;;;;;;;;;;;;;;;;;;;;;;;;;;;;;;;;;;;
2.16789466910286;48.6847724421522;way/90850454;Chemin;;;"6";Faux;"0";En service;;2017-10-23T14:56:12Z;;2017-10-23;;;;;;;Sans objet;;Faux;Faux;Sans objet;;;;Libre;Libre;;Aménagement mixte hors voie verte;;;;;;Faux;;;;;;;;;;;;;;;;;;;;;;;;;;;;;;;;;;;;;;;;;;;;;;;;
2.16801902449477;48.6847834021258;way/90850447;Chemin;;;"6";Faux;"0";En service;;2017-10-23T14:56:12Z;;2017-10-23;;;;;;;Sans objet;;Faux;Faux;Sans objet;;;;Libre;Libre;;Aménagement mixte hors voie verte;;;;;;Faux;;;;;;;;;;;;;;;;;;;;;;;;;;;;;;;;;;;;;;;;;;;;;;;;
2.16797185;48.6830618005081;way/716832297;Route à 1 chaussée;;;"5";Faux;"0";En service;;2019-08-21T19:25:49Z;;2019-08-21;;;;;;;"0";;Faux;Faux;Double sens;;;;Libre;Libre;;;;;;;;Faux;;;;;;;;;;;;;;;;;;;;;;;;;;;;;;;;;;;;;;;;;;;;;;;;
2.16788038783027;48.6848906324739;way/90850437;Chemin;;;"6";Faux;"0";En service;;2017-10-23T14:56:11Z;;2017-10-23;;;;;;;Sans objet;;Faux;Faux;Sans objet;;;;Libre;Libre;;Aménagement mixte hors voie verte;;;;;;Faux;;;;;;;;;;;;;;;;;;;;;;;;;;;;;;;;;;;;;;;;;;;;;;;;
2.16783977849532;48.684198518047;way/90850468;Chemin;;;"6";Faux;"0";En service;;2017-10-23T14:56:12Z;;2017-10-23;;;;;;;Sans objet;;Faux;Faux;Sans objet;;;;Libre;Libre;;Aménagement mixte hors voie verte;;;;;;Faux;;;;;;;;;;;;;;;;;;;;;;;;;;;;;;;;;;;;;;;;;;;;;;;;
2.16783792195443;48.6855763167497;way/90850465;Chemin;;;"6";Faux;"0";En service;;2013-09-02T00:31:41Z;;2013-09-02;;;;;;;Sans objet;;Faux;Faux;Sans objet;;;;Libre;Libre;;Aménagement mixte hors voie verte;;;;;;Faux;;;;;;;;;;;;;;;;;;;;;;;;;;;;;;;;;;;;;;;;;;;;;;;;
2.16785491135402;48.6853284812471;way/90850459;Chemin;;;"6";Faux;"0";En service;;2017-10-23T14:56:12Z;;2017-10-23;;;;;;;Sans objet;;Faux;Faux;Sans objet;;;;Libre;Libre;;Aménagement mixte hors voie verte;;;;;;Faux;;;;;;;;;;;;;;;;;;;;;;;;;;;;;;;;;;;;;;;;;;;;;;;;
2.16776435;48.6860237997703;way/435976825;Chemin;;;"6";Faux;"0";En service;;2024-02-13T09:29:22Z;;2024-02-13;;;;;;;Sans objet;;Faux;Faux;Sans objet;;;;Libre;Libre;;Aménagement mixte hors voie verte;;;;;;Faux;;;;;;;;;;;;;;;;;;;;;;;;;;;;;;;;;;;;;;;;;;;;;;;;
2.16756990734897;48.6861305525696;way/412149270;Route à 1 chaussée;Rue des Bergères;Rue des Bergères;"5";Faux;"0";En service;;2025-09-07T16:10:22Z;;2025-09-07;;;;;;;"0";;Faux;Faux;Double sens;;Vrai;;Libre;Libre;;;"4.1";;;;;Faux;;;;;;;;;;;;;;;;;;;;;;;;;;;;;;;;;;;;;;;;;;;;;;;;
2.1675506;48.6860335497706;way/435976826;Chemin;Passerelle du Soleil;Passerelle du Soleil;"6";Faux;"1";En service;;2017-11-05T10:13:59Z;;2017-11-05;;;;;;;Sans objet;;Faux;Faux;Sans objet;;;;Libre;Libre;;Aménagement mixte hors voie verte;;;;;;Faux;;;;;;;;;;;;;;;;;;;;;;;;;;;;;;;;;;;;;;;;;;;;;;;;
2.16968887303797;48.6855081553592;way/416897366;Route à 1 chaussée;;;"5";Faux;"0";En service;;2016-05-10T08:51:36Z;;2016-05-10;;;;;;;"0";;Faux;Faux;Double sens;;;;Libre;Libre;;;;;;;;Faux;;;;;;;;;;;;;;;;;;;;;;;;;;;;;;;;;;;;;;;;;;;;;;;;
2.16967780026909;48.686074201346;way/438287629;Sentier;;;"6";Faux;"0";En service;;2016-08-21T15:10:45Z;;2016-08-21;;;;;;;Sans objet;;Faux;Faux;Sans objet;;;;Physiquement impossible;Libre;;;;;;;;Faux;;;;;;;;;;;;;;;;;;;;;;;;;;;;;;;;;;;;;;;;;;;;;;;;
2.16963380910093;48.6860894764522;way/438287628;Sentier;;;"6";Faux;"0";En service;;2016-08-21T15:10:45Z;;2016-08-21;;;;;;;Sans objet;;Faux;Faux;Sans objet;;;;Physiquement impossible;Libre;;;;;;;;Faux;;;;;;;;;;;;;;;;;;;;;;;;;;;;;;;;;;;;;;;;;;;;;;;;
2.1696228;48.6860776997702;way/438287627;Sentier;;;"6";Faux;"0";En service;;2016-08-21T15:10:45Z;;2016-08-21;;;;;;;Sans objet;;Faux;Faux;Sans objet;;;;Physiquement impossible;Libre;;;;;;;;Faux;;;;;;;;;;;;;;;;;;;;;;;;;;;;;;;;;;;;;;;;;;;;;;;;
2.16956196326285;48.6861159081814;way/241395474;Escalier;;;"6";Faux;"0";En service;;2022-08-06T11:23:55Z;;2022-08-06;;;;;;;Sans objet;;Faux;Faux;Sans objet;;;;Physiquement impossible;Libre;;;;;;;;Faux;;;;;;;;;;;;;;;;;;;;;;;;;;;;;;;;;;;;;;;;;;;;;;;;
2.16954865848778;48.6860556255501;way/241395473;Escalier;;;"6";Faux;"0";En service;;2022-08-06T11:23:55Z;;2022-08-06;;;;;;;Sans objet;;Faux;Faux;Sans objet;;;;Physiquement impossible;Libre;;;;;;;;Faux;;;;;;;;;;;;;;;;;;;;;;;;;;;;;;;;;;;;;;;;;;;;;;;;
2.1695508605064;48.6851345502679;way/241395468;Route à 1 chaussée;Avenue des Champs Lasniers;Avenue des Champs Lasniers;"5";Faux;"0";En service;;2019-08-21T19:25:49Z;;2019-08-21;;;;;;;"0";;Faux;Faux;Double sens;;Vrai;;Libre;Libre;;;;;;;;Faux;;;;;;;;;;;;;;;;;;;;;;;;;;;;;;;;;;;;;;;;;;;;;;;;
2.1694731;48.6851663498823;way/716832293;Route à 1 chaussée;;;"5";Faux;"0";En service;;2019-08-21T19:25:49Z;;2019-08-21;;;;;;;"0";;Faux;Faux;Double sens;;;;Libre;Libre;;;;;;;;Faux;;;;;;;;;;;;;;;;;;;;;;;;;;;;;;;;;;;;;;;;;;;;;;;;
2.1695251;48.6857187997704;way/417402484;Chemin;;;"6";Faux;"0";En service;;2016-05-11T22:16:21Z;;2016-05-11;;;;;;;Sans objet;;Faux;Faux;Sans objet;;;;Libre;Libre;;Aménagement mixte hors voie verte;;;;;;Faux;;;;;;;;;;;;;;;;;;;;;;;;;;;;;;;;;;;;;;;;;;;;;;;;
2.16945805;48.6861110497727;way/241395471;Chemin;;;"6";Faux;"0";En service;;2013-10-10T00:16:43Z;;2013-10-10;;;;;;;Sans objet;;Faux;Faux;Sans objet;;;;Libre;Libre;;Aménagement mixte hors voie verte;;;;;;Faux;;;;;;;;;;;;;;;;;;;;;;;;;;;;;;;;;;;;;;;;;;;;;;;;
2.16945365;48.6860770497734;way/241395470;Chemin;;;"6";Faux;"0";En service;;2013-10-10T00:16:43Z;;2013-10-10;;;;;;;Sans objet;;Faux;Faux;Sans objet;;;;Libre;Libre;;Aménagement mixte hors voie verte;;;;;;Faux;;;;;;;;;;;;;;;;;;;;;;;;;;;;;;;;;;;;;;;;;;;;;;;;
2.16931471867938;48.6828996009357;way/412077327;Route à 1 chaussée;;;"5";Faux;"0";En service;;2026-02-02T18:08:48Z;;2026-02-02;;;;;;;"0";;Faux;Faux;Sens direct;;;;Libre;Libre;;;;"3.5";;;;Faux;;;;;;;;;;;;;;;;;;;;;;;;;;;;;;;;;;;;;;;;;;;;;;;;
2.16922263628475;48.6844528761868;way/575784021;Chemin;;;"6";Faux;"0";En service;;2018-04-03T04:41:07Z;;2018-04-03;;;;;;;Sans objet;;Faux;Faux;Sans objet;;;;Libre;Libre;;Aménagement mixte hors voie verte;;;;;;Faux;;;;;;;;;;;;;;;;;;;;;;;;;;;;;;;;;;;;;;;;;;;;;;;;
2.16928688090993;48.6835959673876;way/1385630293;Chemin;;;"6";Faux;"0";En service;;2025-05-11T18:03:02Z;;2025-05-11;;;;;;;Sans objet;;Faux;Faux;Sans objet;;;;Libre;Libre;;Aménagement mixte hors voie verte;;;;;;Faux;;;;;;;;;;;;;;;;;;;;;;;;;;;;;;;;;;;;;;;;;;;;;;;;
2.16926614686261;48.6851766668431;way/716832291;Route à 1 chaussée;;;"5";Faux;"0";En service;;2022-08-06T11:24:43Z;;2022-08-06;;;;;;;"0";;Faux;Faux;Double sens;;;;Libre;Libre;;;;;;;;Faux;;;;;;;;;;;;;;;;;;;;;;;;;;;;;;;;;;;;;;;;;;;;;;;;
2.16930025;48.6851749498821;way/716832292;Route à 1 chaussée;;;"5";Faux;"0";En service;;2019-08-21T19:25:49Z;;2019-08-21;;;;;;;"0";;Faux;Faux;Double sens;;;;Libre;Libre;;;;;;;;Faux;;;;;;;;;;;;;;;;;;;;;;;;;;;;;;;;;;;;;;;;;;;;;;;;
2.16917978548206;48.686066044848;way/90850466;Chemin;;;"6";Faux;"0";En service;;2016-04-24T10:20:56Z;;2016-04-24;;;;;;;Sans objet;;Faux;Faux;Sans objet;;;;Libre;Libre;;Aménagement mixte hors voie verte;;;;;;Faux;;;;;;;;;;;;;;;;;;;;;;;;;;;;;;;;;;;;;;;;;;;;;;;;
2.16914525;48.6857864997992;way/417402483;Chemin;;;"6";Faux;"0";En service;;2016-05-11T22:16:21Z;;2016-05-11;;;;;;;Sans objet;;Faux;Faux;Sans objet;;;;Libre;Libre;;Aménagement mixte hors voie verte;;;;;;Faux;;;;;;;;;;;;;;;;;;;;;;;;;;;;;;;;;;;;;;;;;;;;;;;;
2.16913277751259;48.6858743708061;way/90850444;Chemin;;;"6";Faux;"0";En service;;2016-04-24T10:20:56Z;;2016-04-24;;;;;;;Sans objet;;Faux;Faux;Sans objet;;;;Libre;Libre;;Aménagement mixte hors voie verte;;;;;;Faux;;;;;;;;;;;;;;;;;;;;;;;;;;;;;;;;;;;;;;;;;;;;;;;;
2.16915516117755;48.6856332613779;way/90850451;Chemin;;;"6";Faux;"0";En service;;2019-08-21T19:25:49Z;;2019-08-21;;;;;;;Sans objet;;Faux;Faux;Sans objet;;;;Libre;Libre;;Aménagement mixte hors voie verte;;;;;;Faux;;;;;;;;;;;;;;;;;;;;;;;;;;;;;;;;;;;;;;;;;;;;;;;;
2.1690897568612;48.6838847949461;way/716832287;Route à 1 chaussée;;;"5";Faux;"0";En service;;2025-05-11T18:03:02Z;;2025-05-11;;;;;;;"0";;Faux;Faux;Double sens;;;;Libre;Libre;;;;;;;;Faux;;;;;;;;;;;;;;;;;;;;;;;;;;;;;;;;;;;;;;;;;;;;;;;;
2.16904012016066;48.6841521915909;way/90850467;Chemin;;;"6";Faux;"0";En service;;2018-04-03T04:41:07Z;;2018-04-03;;;;;;;Sans objet;;Faux;Faux;Sans objet;;;;Libre;Libre;;Aménagement mixte hors voie verte;;;;;;Faux;;;;;;;;;;;;;;;;;;;;;;;;;;;;;;;;;;;;;;;;;;;;;;;;
2.1690312;48.6852974497708;way/716832294;Chemin;;;"6";Faux;"0";En service;;2019-08-21T19:25:49Z;;2019-08-21;;;;;;;Sans objet;;Faux;Faux;Sans objet;;;;Libre;Libre;;Aménagement mixte hors voie verte;;;;;;Faux;;;;;;;;;;;;;;;;;;;;;;;;;;;;;;;;;;;;;;;;;;;;;;;;
2.16897810885291;48.6862718970514;way/90850458;Chemin;;;"6";Faux;"0";En service;;2016-04-24T10:20:56Z;;2016-04-24;;;;;;;Sans objet;;Faux;Faux;Sans objet;;;;Libre;Libre;;Aménagement mixte hors voie verte;;;;;;Faux;;;;;;;;;;;;;;;;;;;;;;;;;;;;;;;;;;;;;;;;;;;;;;;;
2.16895684105914;48.6851053057268;way/90850448;Chemin;;;"6";Faux;"0";En service;;2019-08-21T19:25:49Z;;2019-08-21;;;;;;;Sans objet;;Faux;Faux;Sans objet;;;;Libre;Libre;;Aménagement mixte hors voie verte;;;;;;Faux;;;;;;;;;;;;;;;;;;;;;;;;;;;;;;;;;;;;;;;;;;;;;;;;
2.16890594854737;48.6847718251463;way/568745136;Sentier;;;"6";Faux;"0";En service;;2025-01-31T21:13:08Z;;2025-01-31;;;;;;;Sans objet;;Faux;Faux;Sans objet;;;;Physiquement impossible;Libre;;;;;;;;Faux;;;;;;;;;;;;;;;;;;;;;;;;;;;;;;;;;;;;;;;;;;;;;;;;
2.16898914863986;48.6834287675712;way/1225790253;Chemin;;;"6";Faux;"0";En service;;2023-11-22T00:07:09Z;;2023-11-22;;;;;;;Sans objet;;Faux;Faux;Sans objet;;;;Libre;Libre;;Aménagement mixte hors voie verte;;;;;;Faux;;;;;;;;;;;;;;;;;;;;;;;;;;;;;;;;;;;;;;;;;;;;;;;;
2.1690063504111;48.684755643705;way/568745137;Sentier;;;"6";Faux;"0";En service;;2025-01-31T21:13:08Z;;2025-01-31;;;;;;;Sans objet;;Faux;Faux;Sans objet;;;;Physiquement impossible;Libre;;;;;;;;Faux;;;;;;;;;;;;;;;;;;;;;;;;;;;;;;;;;;;;;;;;;;;;;;;;
2.16901841041344;48.6844279030322;way/90850440;Chemin;;;"6";Faux;"0";En service;;2018-03-11T18:01:15Z;;2018-03-11;;;;;;;Sans objet;;Faux;Faux;Sans objet;;;;Libre;Libre;;Aménagement mixte hors voie verte;;;;;;Faux;;;;;;;;;;;;;;;;;;;;;;;;;;;;;;;;;;;;;;;;;;;;;;;;
2.1690226;48.682791999771;way/430571512;Escalier;;;"6";Faux;"-1";En service;;2019-05-26T18:49:20Z;;2019-05-26;;;;;;;Sans objet;;Faux;Faux;Sans objet;;;;Physiquement impossible;Libre;;;;;;;;Faux;;;;;;;;;;;;;;;;;;;;;;;;;;;;;;;;;;;;;;;;;;;;;;;;
2.1689504806895;48.6828006534055;way/430571511;;;;"6";Faux;"0";En service;;2020-05-19T16:44:48Z;;2020-05-19;;;;;;;"0";;;Faux;;;;;Libre;Libre;;;;;;;;Faux;;;;;;;;;;;;;;;;;;;;;;;;;;;;;;;;;;;;;;;;;;;;;;;;
2.16891855200265;48.6828204265836;way/430571507;Route à 1 chaussée;;;"5";Faux;"-1";En service;;2016-07-12T12:45:04Z;;2016-07-12;;;;;;;"0";;Faux;Faux;Double sens;;;;Libre;Libre;;;;;;;;Faux;;;;;;;;;;;;;;;;;;;;;;;;;;;;;;;;;;;;;;;;;;;;;;;;
2.1691195485907;48.6827997434145;way/430571515;Sentier;;;"6";Faux;"0";En service;;2016-07-12T12:45:05Z;;2016-07-12;;;;;;;Sans objet;;Faux;Faux;Sans objet;;;;Physiquement impossible;Libre;;;;;;;;Faux;;;;;;;;;;;;;;;;;;;;;;;;;;;;;;;;;;;;;;;;;;;;;;;;
2.16871947660948;48.6828233778125;way/430571502;Route à 1 chaussée;;;"5";Faux;"-1";En service;;2016-07-12T12:45:04Z;;2016-07-12;;;;;;;"0";;Faux;Faux;Sens direct;;;;Libre;Restreint aux ayants droit;;;;;;;;Faux;;;;;;;;;;;;;;;;;;;;;;;;;;;;;;;;;;;;;;;;;;;;;;;;
2.16884628080479;48.6828079504521;way/430571501;Route à 1 chaussée;;;"5";Faux;"-1";En service;;2016-07-12T12:45:04Z;;2016-07-12;;;;;;;"0";;Faux;Faux;Double sens;;;;Libre;Libre;;;;;;;;Faux;;;;;;;;;;;;;;;;;;;;;;;;;;;;;;;;;;;;;;;;;;;;;;;;
2.1688224;48.683582399772;way/87361057;Chemin;;;"6";Faux;"1";En service;;2017-10-23T14:56:09Z;;2017-10-23;;;;;;;Sans objet;;Faux;Faux;Sans objet;;;;Libre;Libre;;Aménagement mixte hors voie verte;;;;;;Faux;;;;;;;;;;;;;;;;;;;;;;;;;;;;;;;;;;;;;;;;;;;;;;;;
2.1688291;48.6834933498704;way/1225790252;Chemin;;;"6";Faux;"0";En service;;2023-11-22T00:07:09Z;;2023-11-22;;;;;;;Sans objet;;Faux;Faux;Sans objet;;;;Libre;Libre;;Aménagement mixte hors voie verte;;;;;;Faux;;;;;;;;;;;;;;;;;;;;;;;;;;;;;;;;;;;;;;;;;;;;;;;;
2.16887025707136;48.6841535958214;way/90850460;Chemin;;;"6";Faux;"0";En service;;2017-10-23T14:56:12Z;;2017-10-23;;;;;;;Sans objet;;Faux;Faux;Sans objet;;;;Libre;Libre;;Aménagement mixte hors voie verte;;;;;;Faux;;;;;;;;;;;;;;;;;;;;;;;;;;;;;;;;;;;;;;;;;;;;;;;;
2.16888467973383;48.6859495506136;way/90850457;Chemin;;;"6";Faux;"0";En service;;2016-04-24T10:20:56Z;;2016-04-24;;;;;;;Sans objet;;Faux;Faux;Sans objet;;;;Libre;Libre;;Aménagement mixte hors voie verte;;;;;;Faux;;;;;;;;;;;;;;;;;;;;;;;;;;;;;;;;;;;;;;;;;;;;;;;;
2.16880959871746;48.6860299406816;way/90850450;Chemin;;;"6";Faux;"0";En service;;2016-04-24T10:20:56Z;;2016-04-24;;;;;;;Sans objet;;Faux;Faux;Sans objet;;;;Libre;Libre;;Aménagement mixte hors voie verte;;;;;;Faux;;;;;;;;;;;;;;;;;;;;;;;;;;;;;;;;;;;;;;;;;;;;;;;;
2.16881835;48.6853101497779;way/716832290;Chemin;;;"6";Faux;"0";En service;;2019-08-21T19:25:49Z;;2019-08-21;;;;;;;Sans objet;;Faux;Faux;Sans objet;;;;Libre;Libre;;Aménagement mixte hors voie verte;;;;;;Faux;;;;;;;;;;;;;;;;;;;;;;;;;;;;;;;;;;;;;;;;;;;;;;;;
2.168752751645;48.6849375623079;way/568745135;Chemin;;;"6";Faux;"0";En service;;2019-08-21T19:25:49Z;;2019-08-21;;;;;;;Sans objet;;Faux;Faux;Sans objet;;;;Libre;Libre;;Aménagement mixte hors voie verte;;;;;;Faux;;;;;;;;;;;;;;;;;;;;;;;;;;;;;;;;;;;;;;;;;;;;;;;;
2.1687306;48.684815399772;way/568745139;Sentier;;;"6";Faux;"0";En service;;2025-01-31T21:13:08Z;;2025-01-31;;;;;;;Sans objet;;Faux;Faux;Sans objet;;;;Physiquement impossible;Libre;;;;;;;;Faux;;;;;;;;;;;;;;;;;;;;;;;;;;;;;;;;;;;;;;;;;;;;;;;;
2.1687253689504;48.6846827576305;way/568745138;Sentier;;;"6";Faux;"0";En service;;2025-01-31T21:13:08Z;;2025-01-31;;;;;;;Sans objet;;Faux;Faux;Sans objet;;;;Physiquement impossible;Libre;;;;;;;;Faux;;;;;;;;;;;;;;;;;;;;;;;;;;;;;;;;;;;;;;;;;;;;;;;;
2.16863424904858;48.6845816558559;way/543975607;Sentier;;;"6";Faux;"0";En service;;2025-01-31T21:13:08Z;;2025-01-31;;;;;;;Sans objet;;Faux;Faux;Sans objet;;;;Physiquement impossible;Libre;;;;;;;;Faux;;;;;;;;;;;;;;;;;;;;;;;;;;;;;;;;;;;;;;;;;;;;;;;;
2.16864378379201;48.6851849645473;way/568745141;Sentier;;;"6";Faux;"0";En service;;2025-01-31T21:13:08Z;;2025-01-31;;;;;;;Sans objet;;Faux;Faux;Sans objet;;;;Physiquement impossible;Libre;;;;;;;;Faux;;;;;;;;;;;;;;;;;;;;;;;;;;;;;;;;;;;;;;;;;;;;;;;;
2.16865179000403;48.6852688935952;way/90850449;Chemin;;;"6";Faux;"0";En service;;2018-03-11T18:01:15Z;;2018-03-11;;;;;;;Sans objet;;Faux;Faux;Sans objet;;;;Libre;Libre;;Aménagement mixte hors voie verte;;;;;;Faux;;;;;;;;;;;;;;;;;;;;;;;;;;;;;;;;;;;;;;;;;;;;;;;;
2.16868390444196;48.6867967202662;way/27840668;Route à 1 chaussée;Avenue de Normandie;Avenue de Normandie;"5";Faux;"0";En service;;2025-10-18T19:32:24Z;;2025-10-18;;;;;;;"0";;Faux;Faux;Double sens;;Vrai;;Libre;Libre;;;;;;;;Faux;;;;;;;;;;;;;;;;;;;;;;;;;;;;;;;;;;;;;;;;;;;;;;;;
2.16875995;48.686883600241;way/218601431;Chemin;;;"6";Faux;"1";En service;;2016-04-24T10:21:02Z;;2016-04-24;;;;;;;Sans objet;;Faux;Faux;Sans objet;;;;Libre;Libre;;Aménagement mixte hors voie verte;;;;;;Faux;;;;;;;;;;;;;;;;;;;;;;;;;;;;;;;;;;;;;;;;;;;;;;;;
2.16925799153357;48.686547646248;way/119894533;Route à 1 chaussée;;;"5";Faux;"0";En service;;2013-09-02T00:33:42Z;;2013-09-02;;;;;;;"0";;Faux;Faux;Double sens;;Vrai;;Libre;Libre;;;;;;;;Faux;;;;;;;;;;;;;;;;;;;;;;;;;;;;;;;;;;;;;;;;;;;;;;;;
2.1697745;48.6860677497703;way/438287630;Escalier;;;"6";Faux;"0";En service;;2022-08-06T11:23:57Z;;2022-08-06;;;;;;;Sans objet;;Faux;Faux;Sans objet;;;;Physiquement impossible;Libre;;;;;;;;Faux;;;;;;;;;;;;;;;;;;;;;;;;;;;;;;;;;;;;;;;;;;;;;;;;
2.16720379891256;48.6830401379359;way/716832296;Route à 1 chaussée;Rue des Bergères;Rue des Bergères;"5";Faux;"0";En service;;2023-11-22T00:07:09Z;;2023-11-22;;;;;;;"0";;Faux;Faux;Double sens;;Vrai;;Libre;Libre;;;;;;;;Faux;;;;;;;;;;;;;;;;;;;;;;;;;;;;;;;;;;;;;;;;;;;;;;;;
2.16733190800953;48.683090166816;way/716832295;Route à 1 chaussée;;;"5";Faux;"0";En service;;2025-02-17T09:52:15Z;;2025-02-17;;;;;;;"0";;Faux;Faux;Sens direct;;;;Libre;Libre;;;;;;;;Faux;;;;;;;;;;;;;;;;;;;;;;;;;;;;;;;;;;;;;;;;;;;;;;;;
2.16735615;48.6838715997709;way/1385630298;Sentier;;;"6";Faux;"0";En service;;2025-05-11T18:03:02Z;;2025-05-11;;;;;;;Sans objet;;Faux;Faux;Sans objet;;;;Physiquement impossible;Libre;;;;;;;;Faux;;;;;;;;;;;;;;;;;;;;;;;;;;;;;;;;;;;;;;;;;;;;;;;;
2.16743355;48.6838639997708;way/1385630294;Escalier;;;"6";Faux;"0";En service;;2025-05-11T18:03:02Z;;2025-05-11;;;;;;;Sans objet;;Faux;Faux;Sans objet;;;;Physiquement impossible;Libre;;;;;;;;Faux;;;;;;;;;;;;;;;;;;;;;;;;;;;;;;;;;;;;;;;;;;;;;;;;
2.16741939879447;48.6848515949909;way/411759063;Route à 1 chaussée;Rue des Bergères;Rue des Bergères;"5";Faux;"0";En service;;2025-09-07T16:10:54Z;;2025-09-07;;;;;;;"0";;Faux;Faux;Sens direct;;Vrai;;Libre;Libre;;;;;;;;Faux;;;;;;;;;;;;;;;;;;;;;;;;;;;;;;;;;;;;;;;;;;;;;;;;
2.16728175;48.6836272503841;way/89444368;Route à 1 chaussée;Rue des Bergères;Rue des Bergères;"5";Faux;"0";En service;;2023-11-22T00:07:09Z;;2023-11-22;;;;;;;"0";;Faux;Faux;Sens direct;;Vrai;;Libre;Libre;;;"4.2";;;;;Faux;;;;;;;;;;;;;;;;;;;;;;;;;;;;;;;;;;;;;;;;;;;;;;;;
2.16764832656247;48.6866947336501;way/25386602;Route à 1 chaussée;Rue des Bergères;Rue des Bergères;"5";Faux;"0";En service;;2025-02-17T09:52:15Z;;2025-02-17;;;;;;;"0";;Faux;Faux;Double sens;;Vrai;;Libre;Libre;;;;;;;;Faux;;;;;;;;;;;;;;;;;;;;;;;;;;;;;;;;;;;;;;;;;;;;;;;;
